variable,importance
vehicle_speed,0.18989207251039253
traffic_density,0.18702468685916476
closing_risk,0.10642493093394395
num_pedestrians,0.0933254121988243
pedestrian_distance,0.08839558255388433
weather,0.07486445923810263
visibility,0.06591111509769548
road_type,0.06495533262421775
braking,0.06355590314911416
obstacle,0.04238413110478714
location,0.02326637372987301
